CNIC,Name,Age,Sector,Street,HouseNo,Occupation
61101-0000001-1,Fatima Khan,21,F-8,2,101,Doctor
61101-0000002-2,Ali Khan,22,G-9,3,102,Teacher
61101-0000003-3,Sara Khan,23,F-6,4,103,Lawyer
61101-0000004-4,Hassan Khan,24,Blue Area,5,104,Nurse
61101-0000005-5,Ayesha Khan,25,G-10,6,105,Accountant
61101-0000006-6,Usman Khan,26,F-8,7,106,Designer
61101-0000007-7,Zainab Khan,27,G-9,8,107,Developer
61101-0000008-8,Bilal Khan,28,F-6,9,108,Artist
61101-0000009-9,Hira Khan,29,Blue Area,10,109,Manager
61101-0000010-0,Faisal Ali,30,G-10,12,110,Pharmacist
61101-0000011-1,Maryam Ali,31,F-8,15,111,Student
61101-0000012-2,Kamran Ali,32,G-9,17,112,Marketing
61101-0000013-3,Sana Ali,33,F-6,18,113,Director
61101-0000014-4,Tariq Ali,34,Blue Area,20,114,Architect
61101-0000015-5,Rabia Ali,35,G-10,22,115,Banker
61101-0000016-6,Imran Ali,36,F-8,23,116,Consultant
61101-0000017-7,Amna Ali,37,G-9,25,117,Scientist
61101-0000018-8,Waqas Ali,38,F-6,1,118,CEO
61101-0000019-9,Noor Ali,39,Blue Area,2,119,Investor
61101-0000020-0,Adnan Shah,40,G-10,3,120,Pilot
61101-0000021-1,Saira Shah,41,F-8,4,121,Journalist
61101-0000022-2,Junaid Shah,42,G-9,5,122,Professor
61101-0000023-3,Lubna Shah,43,F-6,6,123,Dentist
61101-0000024-4,Asad Shah,44,Blue Area,7,124,Contractor
61101-0000025-5,Neha Shah,45,G-10,8,125,Psychologist
61101-0000026-6,Omer Shah,46,F-8,9,126,Athlete
61101-0000027-7,Iram Shah,47,G-9,10,127,Economist
61101-0000028-8,Talha Shah,48,F-6,12,128,Planner
61101-0000029-9,Uzma Shah,49,Blue Area,15,129,Researcher
61101-0000030-0,Ahmed Malik,50,G-10,17,130,Entrepreneur
61101-0000031-1,Fatima Malik,51,F-8,18,131,Veterinarian
61101-0000032-2,Ali Malik,52,G-9,20,132,Chef
61101-0000033-3,Sara Malik,53,F-6,22,133,Analyst
61101-0000034-4,Hassan Malik,54,Blue Area,23,134,Broker
61101-0000035-5,Ayesha Malik,55,G-10,25,135,Trader
61101-0000036-6,Usman Malik,56,F-8,1,136,Minister
61101-0000037-7,Zainab Malik,57,G-9,2,137,Administrator
61101-0000038-8,Bilal Malik,58,F-6,3,138,Engineer
61101-0000039-9,Hira Malik,59,Blue Area,4,139,Doctor
61101-0000040-0,Faisal Ahmed,60,G-10,5,140,Teacher
61101-0000041-1,Maryam Ahmed,61,F-8,6,141,Lawyer
61101-0000042-2,Kamran Ahmed,62,G-9,7,142,Nurse
61101-0000043-3,Sana Ahmed,63,F-6,8,143,Accountant
61101-0000044-4,Tariq Ahmed,64,Blue Area,9,144,Designer
61101-0000045-5,Rabia Ahmed,65,G-10,10,145,Developer
61101-0000046-6,Imran Ahmed,66,F-8,12,146,Artist
61101-0000047-7,Amna Ahmed,67,G-9,15,147,Manager
61101-0000048-8,Waqas Ahmed,68,F-6,17,148,Pharmacist
61101-0000049-9,Noor Ahmed,69,Blue Area,18,149,Student
61101-0000050-0,Adnan Hassan,20,G-10,20,150,Marketing
61101-0000051-1,Saira Hassan,21,F-8,22,151,Director
61101-0000052-2,Junaid Hassan,22,G-9,23,152,Architect
61101-0000053-3,Lubna Hassan,23,F-6,25,153,Banker
61101-0000054-4,Asad Hassan,24,Blue Area,1,154,Consultant
61101-0000055-5,Neha Hassan,25,G-10,2,155,Scientist
61101-0000056-6,Omer Hassan,26,F-8,3,156,CEO
61101-0000057-7,Iram Hassan,27,G-9,4,157,Investor
61101-0000058-8,Talha Hassan,28,F-6,5,158,Pilot
61101-0000059-9,Uzma Hassan,29,Blue Area,6,159,Journalist
61101-0000060-0,Ahmed Raza,30,G-10,7,160,Professor
61101-0000061-1,Fatima Raza,31,F-8,8,161,Dentist
61101-0000062-2,Ali Raza,32,G-9,9,162,Contractor
61101-0000063-3,Sara Raza,33,F-6,10,163,Psychologist
61101-0000064-4,Hassan Raza,34,Blue Area,12,164,Athlete
61101-0000065-5,Ayesha Raza,35,G-10,15,165,Economist
61101-0000066-6,Usman Raza,36,F-8,17,166,Planner
61101-0000067-7,Zainab Raza,37,G-9,18,167,Researcher
61101-0000068-8,Bilal Raza,38,F-6,20,168,Entrepreneur
61101-0000069-9,Hira Raza,39,Blue Area,22,169,Veterinarian
61101-0000070-0,Faisal Siddiqui,40,G-10,23,170,Chef
61101-0000071-1,Maryam Siddiqui,41,F-8,25,171,Analyst
61101-0000072-2,Kamran Siddiqui,42,G-9,1,172,Broker
61101-0000073-3,Sana Siddiqui,43,F-6,2,173,Trader
61101-0000074-4,Tariq Siddiqui,44,Blue Area,3,174,Minister
61101-0000075-5,Rabia Siddiqui,45,G-10,4,175,Administrator
61101-0000076-6,Imran Siddiqui,46,F-8,5,176,Engineer
61101-0000077-7,Amna Siddiqui,47,G-9,6,177,Doctor
61101-0000078-8,Waqas Siddiqui,48,F-6,7,178,Teacher
61101-0000079-9,Noor Siddiqui,49,Blue Area,8,179,Lawyer
61101-0000080-0,Adnan Hussain,50,G-10,9,180,Nurse
61101-0000081-1,Saira Hussain,51,F-8,10,181,Accountant
61101-0000082-2,Junaid Hussain,52,G-9,12,182,Designer
61101-0000083-3,Lubna Hussain,53,F-6,15,183,Developer
61101-0000084-4,Asad Hussain,54,Blue Area,17,184,Artist
61101-0000085-5,Neha Hussain,55,G-10,18,185,Manager
61101-0000086-6,Omer Hussain,56,F-8,20,186,Pharmacist
61101-0000087-7,Iram Hussain,57,G-9,22,187,Student
61101-0000088-8,Talha Hussain,58,F-6,23,188,Marketing
61101-0000089-9,Uzma Hussain,59,Blue Area,25,189,Director
61101-0000090-0,Ahmed Farooq,60,G-10,1,190,Architect
61101-0000091-1,Fatima Farooq,61,F-8,2,191,Banker
61101-0000092-2,Ali Farooq,62,G-9,3,192,Consultant
61101-0000093-3,Sara Farooq,63,F-6,4,193,Scientist
61101-0000094-4,Hassan Farooq,64,Blue Area,5,194,CEO
61101-0000095-5,Ayesha Farooq,65,G-10,6,195,Investor
61101-0000096-6,Usman Farooq,66,F-8,7,196,Pilot
61101-0000097-7,Zainab Farooq,67,G-9,8,197,Journalist
61101-0000098-8,Bilal Farooq,68,F-6,9,198,Professor
61101-0000099-9,Hira Farooq,69,Blue Area,10,199,Dentist
61101-0000100-0,Faisal Tariq,20,G-10,12,200,Contractor
61101-0000101-1,Maryam Tariq,21,F-8,15,201,Psychologist
61101-0000102-2,Kamran Tariq,22,G-9,17,202,Athlete
61101-0000103-3,Sana Tariq,23,F-6,18,203,Economist
61101-0000104-4,Tariq Tariq,24,Blue Area,20,204,Planner
61101-0000105-5,Rabia Tariq,25,G-10,22,205,Researcher
61101-0000106-6,Imran Tariq,26,F-8,23,206,Entrepreneur
61101-0000107-7,Amna Tariq,27,G-9,25,207,Veterinarian
61101-0000108-8,Waqas Tariq,28,F-6,1,208,Chef
61101-0000109-9,Noor Tariq,29,Blue Area,2,209,Analyst
61101-0000110-0,Adnan Sheikh,30,G-10,3,210,Broker
61101-0000111-1,Saira Sheikh,31,F-8,4,211,Trader
61101-0000112-2,Junaid Sheikh,32,G-9,5,212,Minister
61101-0000113-3,Lubna Sheikh,33,F-6,6,213,Administrator
61101-0000114-4,Asad Sheikh,34,Blue Area,7,214,Engineer
61101-0000115-5,Neha Sheikh,35,G-10,8,215,Doctor
61101-0000116-6,Omer Sheikh,36,F-8,9,216,Teacher
61101-0000117-7,Iram Sheikh,37,G-9,10,217,Lawyer
61101-0000118-8,Talha Sheikh,38,F-6,12,218,Nurse
61101-0000119-9,Uzma Sheikh,39,Blue Area,15,219,Accountant
61101-0000120-0,Ahmed Nawaz,40,G-10,17,220,Designer
61101-0000121-1,Fatima Nawaz,41,F-8,18,221,Developer
61101-0000122-2,Ali Nawaz,42,G-9,20,222,Artist
61101-0000123-3,Sara Nawaz,43,F-6,22,223,Manager
61101-0000124-4,Hassan Nawaz,44,Blue Area,23,224,Pharmacist
61101-0000125-5,Ayesha Nawaz,45,G-10,25,225,Student
61101-0000126-6,Usman Nawaz,46,F-8,1,226,Marketing
61101-0000127-7,Zainab Nawaz,47,G-9,2,227,Director
61101-0000128-8,Bilal Nawaz,48,F-6,3,228,Architect
61101-0000129-9,Hira Nawaz,49,Blue Area,4,229,Banker
61101-0000130-0,Faisal Mahmood,50,G-10,5,230,Consultant
61101-0000131-1,Maryam Mahmood,51,F-8,6,231,Scientist
61101-0000132-2,Kamran Mahmood,52,G-9,7,232,CEO
61101-0000133-3,Sana Mahmood,53,F-6,8,233,Investor
61101-0000134-4,Tariq Mahmood,54,Blue Area,9,234,Pilot
61101-0000135-5,Rabia Mahmood,55,G-10,10,235,Journalist
61101-0000136-6,Imran Mahmood,56,F-8,12,236,Professor
61101-0000137-7,Amna Mahmood,57,G-9,15,237,Dentist
61101-0000138-8,Waqas Mahmood,58,F-6,17,238,Contractor
61101-0000139-9,Noor Mahmood,59,Blue Area,18,239,Psychologist
61101-0000140-0,Adnan Akram,60,G-10,20,240,Athlete
61101-0000141-1,Saira Akram,61,F-8,22,241,Economist
61101-0000142-2,Junaid Akram,62,G-9,23,242,Planner
61101-0000143-3,Lubna Akram,63,F-6,25,243,Researcher
61101-0000144-4,Asad Akram,64,Blue Area,1,244,Entrepreneur
61101-0000145-5,Neha Akram,65,G-10,2,245,Veterinarian
61101-0000146-6,Omer Akram,66,F-8,3,246,Chef
61101-0000147-7,Iram Akram,67,G-9,4,247,Analyst
61101-0000148-8,Talha Akram,68,F-6,5,248,Broker
61101-0000149-9,Uzma Akram,69,Blue Area,6,249,Trader
61101-0000150-0,Ahmed Iqbal,20,G-10,7,250,Minister
61101-0000151-1,Fatima Iqbal,21,F-8,8,251,Administrator
61101-0000152-2,Ali Iqbal,22,G-9,9,252,Engineer
61101-0000153-3,Sara Iqbal,23,F-6,10,253,Doctor
61101-0000154-4,Hassan Iqbal,24,Blue Area,12,254,Teacher
61101-0000155-5,Ayesha Iqbal,25,G-10,15,255,Lawyer
61101-0000156-6,Usman Iqbal,26,F-8,17,256,Nurse
61101-0000157-7,Zainab Iqbal,27,G-9,18,257,Accountant
61101-0000158-8,Bilal Iqbal,28,F-6,20,258,Designer
61101-0000159-9,Hira Iqbal,29,Blue Area,22,259,Developer
61101-0000160-0,Faisal Rauf,30,G-10,23,260,Artist
61101-0000161-1,Maryam Rauf,31,F-8,25,261,Manager
61101-0000162-2,Kamran Rauf,32,G-9,1,262,Pharmacist
61101-0000163-3,Sana Rauf,33,F-6,2,263,Student
61101-0000164-4,Tariq Rauf,34,Blue Area,3,264,Marketing
61101-0000165-5,Rabia Rauf,35,G-10,4,265,Director
61101-0000166-6,Imran Rauf,36,F-8,5,266,Architect
61101-0000167-7,Amna Rauf,37,G-9,6,267,Banker
61101-0000168-8,Waqas Rauf,38,F-6,7,268,Consultant
61101-0000169-9,Noor Rauf,39,Blue Area,8,269,Scientist
61101-0000170-0,Adnan Riaz,40,G-10,9,270,CEO
61101-0000171-1,Saira Riaz,41,F-8,10,271,Investor
61101-0000172-2,Junaid Riaz,42,G-9,12,272,Pilot
61101-0000173-3,Lubna Riaz,43,F-6,15,273,Journalist
61101-0000174-4,Asad Riaz,44,Blue Area,17,274,Professor
61101-0000175-5,Neha Riaz,45,G-10,18,275,Dentist
61101-0000176-6,Omer Riaz,46,F-8,20,276,Contractor
61101-0000177-7,Iram Riaz,47,G-9,22,277,Psychologist
61101-0000178-8,Talha Riaz,48,F-6,23,278,Athlete
61101-0000179-9,Uzma Riaz,49,Blue Area,25,279,Economist
61101-0000180-0,Ahmed Abbas,50,G-10,1,280,Planner
61101-0000181-1,Fatima Abbas,51,F-8,2,281,Researcher
61101-0000182-2,Ali Abbas,52,G-9,3,282,Entrepreneur
61101-0000183-3,Sara Abbas,53,F-6,4,283,Veterinarian
61101-0000184-4,Hassan Abbas,54,Blue Area,5,284,Chef
61101-0000185-5,Ayesha Abbas,55,G-10,6,285,Analyst
61101-0000186-6,Usman Abbas,56,F-8,7,286,Broker
61101-0000187-7,Zainab Abbas,57,G-9,8,287,Trader
61101-0000188-8,Bilal Abbas,58,F-6,9,288,Minister
61101-0000189-9,Hira Abbas,59,Blue Area,10,289,Administrator
61101-0000190-0,Faisal Rashid,60,G-10,12,290,Engineer
61101-0000191-1,Maryam Rashid,61,F-8,15,291,Doctor
61101-0000192-2,Kamran Rashid,62,G-9,17,292,Teacher
61101-0000193-3,Sana Rashid,63,F-6,18,293,Lawyer
61101-0000194-4,Tariq Rashid,64,Blue Area,20,294,Nurse
61101-0000195-5,Rabia Rashid,65,G-10,22,295,Accountant
61101-0000196-6,Imran Rashid,66,F-8,23,296,Designer
61101-0000197-7,Amna Rashid,67,G-9,25,297,Developer
61101-0000198-8,Waqas Rashid,68,F-6,1,298,Artist
61101-0000199-9,Noor Rashid,69,Blue Area,2,299,Manager
61101-0000200-0,Adnan Butt,20,G-10,3,100,Pharmacist
61101-0000201-1,Saira Butt,21,F-8,4,101,Student
61101-0000202-2,Junaid Butt,22,G-9,5,102,Marketing
61101-0000203-3,Lubna Butt,23,F-6,6,103,Director
61101-0000204-4,Asad Butt,24,Blue Area,7,104,Architect
61101-0000205-5,Neha Butt,25,G-10,8,105,Banker
61101-0000206-6,Omer Butt,26,F-8,9,106,Consultant
61101-0000207-7,Iram Butt,27,G-9,10,107,Scientist
61101-0000208-8,Talha Butt,28,F-6,12,108,CEO
61101-0000209-9,Uzma Butt,29,Blue Area,15,109,Investor
61101-0000210-0,Ahmed Hameed,30,G-10,17,110,Pilot
61101-0000211-1,Fatima Hameed,31,F-8,18,111,Journalist
61101-0000212-2,Ali Hameed,32,G-9,20,112,Professor
61101-0000213-3,Sara Hameed,33,F-6,22,113,Dentist
61101-0000214-4,Hassan Hameed,34,Blue Area,23,114,Contractor
61101-0000215-5,Ayesha Hameed,35,G-10,25,115,Psychologist
61101-0000216-6,Usman Hameed,36,F-8,1,116,Athlete
61101-0000217-7,Zainab Hameed,37,G-9,2,117,Economist
61101-0000218-8,Bilal Hameed,38,F-6,3,118,Planner
61101-0000219-9,Hira Hameed,39,Blue Area,4,119,Researcher
61101-0000220-0,Faisal Akhtar,40,G-10,5,120,Entrepreneur
61101-0000221-1,Maryam Akhtar,41,F-8,6,121,Veterinarian
61101-0000222-2,Kamran Akhtar,42,G-9,7,122,Chef
61101-0000223-3,Sana Akhtar,43,F-6,8,123,Analyst
61101-0000224-4,Tariq Akhtar,44,Blue Area,9,124,Broker
61101-0000225-5,Rabia Akhtar,45,G-10,10,125,Trader
61101-0000226-6,Imran Akhtar,46,F-8,12,126,Minister
61101-0000227-7,Amna Akhtar,47,G-9,15,127,Administrator
61101-0000228-8,Waqas Akhtar,48,F-6,17,128,Engineer
61101-0000229-9,Noor Akhtar,49,Blue Area,18,129,Doctor
61101-0000230-0,Adnan Karim,50,G-10,20,130,Teacher
61101-0000231-1,Saira Karim,51,F-8,22,131,Lawyer
61101-0000232-2,Junaid Karim,52,G-9,23,132,Nurse
61101-0000233-3,Lubna Karim,53,F-6,25,133,Accountant
61101-0000234-4,Asad Karim,54,Blue Area,1,134,Designer
61101-0000235-5,Neha Karim,55,G-10,2,135,Developer
61101-0000236-6,Omer Karim,56,F-8,3,136,Artist
61101-0000237-7,Iram Karim,57,G-9,4,137,Manager
61101-0000238-8,Talha Karim,58,F-6,5,138,Pharmacist
61101-0000239-9,Uzma Karim,59,Blue Area,6,139,Student
61101-0000240-0,Ahmed Zaman,60,G-10,7,140,Marketing
61101-0000241-1,Fatima Zaman,61,F-8,8,141,Director
61101-0000242-2,Ali Zaman,62,G-9,9,142,Architect
61101-0000243-3,Sara Zaman,63,F-6,10,143,Banker
61101-0000244-4,Hassan Zaman,64,Blue Area,12,144,Consultant
61101-0000245-5,Ayesha Zaman,65,G-10,15,145,Scientist
61101-0000246-6,Usman Zaman,66,F-8,17,146,CEO
61101-0000247-7,Zainab Zaman,67,G-9,18,147,Investor
61101-0000248-8,Bilal Zaman,68,F-6,20,148,Pilot
61101-0000249-9,Hira Zaman,69,Blue Area,22,149,Journalist
61101-0000250-0,Faisal Amin,20,G-10,23,150,Professor
61101-0000251-1,Maryam Amin,21,F-8,25,151,Dentist
61101-0000252-2,Kamran Amin,22,G-9,1,152,Contractor
61101-0000253-3,Sana Amin,23,F-6,2,153,Psychologist
61101-0000254-4,Tariq Amin,24,Blue Area,3,154,Athlete
61101-0000255-5,Rabia Amin,25,G-10,4,155,Economist
61101-0000256-6,Imran Amin,26,F-8,5,156,Planner
61101-0000257-7,Amna Amin,27,G-9,6,157,Researcher
61101-0000258-8,Waqas Amin,28,F-6,7,158,Entrepreneur
61101-0000259-9,Noor Amin,29,Blue Area,8,159,Veterinarian
61101-0000260-0,Adnan Qureshi,30,G-10,9,160,Chef
61101-0000261-1,Saira Qureshi,31,F-8,10,161,Analyst
61101-0000262-2,Junaid Qureshi,32,G-9,12,162,Broker
61101-0000263-3,Lubna Qureshi,33,F-6,15,163,Trader
61101-0000264-4,Asad Qureshi,34,Blue Area,17,164,Minister
61101-0000265-5,Neha Qureshi,35,G-10,18,165,Administrator
61101-0000266-6,Omer Qureshi,36,F-8,20,166,Engineer
61101-0000267-7,Iram Qureshi,37,G-9,22,167,Doctor
61101-0000268-8,Talha Qureshi,38,F-6,23,168,Teacher
61101-0000269-9,Uzma Qureshi,39,Blue Area,25,169,Lawyer
61101-0000270-0,Ahmed Naqvi,40,G-10,1,170,Nurse
61101-0000271-1,Fatima Naqvi,41,F-8,2,171,Accountant
61101-0000272-2,Ali Naqvi,42,G-9,3,172,Designer
61101-0000273-3,Sara Naqvi,43,F-6,4,173,Developer
61101-0000274-4,Hassan Naqvi,44,Blue Area,5,174,Artist
61101-0000275-5,Ayesha Naqvi,45,G-10,6,175,Manager
61101-0000276-6,Usman Naqvi,46,F-8,7,176,Pharmacist
61101-0000277-7,Zainab Naqvi,47,G-9,8,177,Student
61101-0000278-8,Bilal Naqvi,48,F-6,9,178,Marketing
61101-0000279-9,Hira Naqvi,49,Blue Area,10,179,Director
61101-0000280-0,Faisal Khan,50,G-10,12,180,Architect
61101-0000281-1,Maryam Khan,51,F-8,15,181,Banker
61101-0000282-2,Kamran Khan,52,G-9,17,182,Consultant
61101-0000283-3,Sana Khan,53,F-6,18,183,Scientist
61101-0000284-4,Tariq Khan,54,Blue Area,20,184,CEO
61101-0000285-5,Rabia Khan,55,G-10,22,185,Investor
61101-0000286-6,Imran Khan,56,F-8,23,186,Pilot
61101-0000287-7,Amna Khan,57,G-9,25,187,Journalist
61101-0000288-8,Waqas Khan,58,F-6,1,188,Professor
61101-0000289-9,Noor Khan,59,Blue Area,2,189,Dentist
61101-0000290-0,Adnan Ali,60,G-10,3,190,Contractor
61101-0000291-1,Saira Ali,61,F-8,4,191,Psychologist
61101-0000292-2,Junaid Ali,62,G-9,5,192,Athlete
61101-0000293-3,Lubna Ali,63,F-6,6,193,Economist
61101-0000294-4,Asad Ali,64,Blue Area,7,194,Planner
61101-0000295-5,Neha Ali,65,G-10,8,195,Researcher
61101-0000296-6,Omer Ali,66,F-8,9,196,Entrepreneur
61101-0000297-7,Iram Ali,67,G-9,10,197,Veterinarian
61101-0000298-8,Talha Ali,68,F-6,12,198,Chef
61101-0000299-9,Uzma Ali,69,Blue Area,15,199,Analyst
61101-0000300-0,Ahmed Shah,20,G-10,17,200,Broker
61101-0000301-1,Fatima Shah,21,F-8,18,201,Trader
61101-0000302-2,Ali Shah,22,G-9,20,202,Minister
61101-0000303-3,Sara Shah,23,F-6,22,203,Administrator
61101-0000304-4,Hassan Shah,24,Blue Area,23,204,Engineer
61101-0000305-5,Ayesha Shah,25,G-10,25,205,Doctor
61101-0000306-6,Usman Shah,26,F-8,1,206,Teacher
61101-0000307-7,Zainab Shah,27,G-9,2,207,Lawyer
61101-0000308-8,Bilal Shah,28,F-6,3,208,Nurse
61101-0000309-9,Hira Shah,29,Blue Area,4,209,Accountant
61101-0000310-0,Faisal Malik,30,G-10,5,210,Designer
61101-0000311-1,Maryam Malik,31,F-8,6,211,Developer
61101-0000312-2,Kamran Malik,32,G-9,7,212,Artist
61101-0000313-3,Sana Malik,33,F-6,8,213,Manager
61101-0000314-4,Tariq Malik,34,Blue Area,9,214,Pharmacist
61101-0000315-5,Rabia Malik,35,G-10,10,215,Student
61101-0000316-6,Imran Malik,36,F-8,12,216,Marketing
61101-0000317-7,Amna Malik,37,G-9,15,217,Director
61101-0000318-8,Waqas Malik,38,F-6,17,218,Architect
61101-0000319-9,Noor Malik,39,Blue Area,18,219,Banker
61101-0000320-0,Adnan Ahmed,40,G-10,20,220,Consultant
61101-0000321-1,Saira Ahmed,41,F-8,22,221,Scientist
61101-0000322-2,Junaid Ahmed,42,G-9,23,222,CEO
61101-0000323-3,Lubna Ahmed,43,F-6,25,223,Investor
61101-0000324-4,Asad Ahmed,44,Blue Area,1,224,Pilot
61101-0000325-5,Neha Ahmed,45,G-10,2,225,Journalist
61101-0000326-6,Omer Ahmed,46,F-8,3,226,Professor
61101-0000327-7,Iram Ahmed,47,G-9,4,227,Dentist
61101-0000328-8,Talha Ahmed,48,F-6,5,228,Contractor
61101-0000329-9,Uzma Ahmed,49,Blue Area,6,229,Psychologist
61101-0000330-0,Ahmed Hassan,50,G-10,7,230,Athlete
61101-0000331-1,Fatima Hassan,51,F-8,8,231,Economist
61101-0000332-2,Ali Hassan,52,G-9,9,232,Planner
61101-0000333-3,Sara Hassan,53,F-6,10,233,Researcher
61101-0000334-4,Hassan Hassan,54,Blue Area,12,234,Entrepreneur
61101-0000335-5,Ayesha Hassan,55,G-10,15,235,Veterinarian
61101-0000336-6,Usman Hassan,56,F-8,17,236,Chef
61101-0000337-7,Zainab Hassan,57,G-9,18,237,Analyst
61101-0000338-8,Bilal Hassan,58,F-6,20,238,Broker
61101-0000339-9,Hira Hassan,59,Blue Area,22,239,Trader
61101-0000340-0,Faisal Raza,60,G-10,23,240,Minister
61101-0000341-1,Maryam Raza,61,F-8,25,241,Administrator
61101-0000342-2,Kamran Raza,62,G-9,1,242,Engineer
61101-0000343-3,Sana Raza,63,F-6,2,243,Doctor
61101-0000344-4,Tariq Raza,64,Blue Area,3,244,Teacher
61101-0000345-5,Rabia Raza,65,G-10,4,245,Lawyer
61101-0000346-6,Imran Raza,66,F-8,5,246,Nurse
61101-0000347-7,Amna Raza,67,G-9,6,247,Accountant
61101-0000348-8,Waqas Raza,68,F-6,7,248,Designer
61101-0000349-9,Noor Raza,69,Blue Area,8,249,Developer
61101-0000350-0,Adnan Siddiqui,20,G-10,9,250,Artist
61101-0000351-1,Saira Siddiqui,21,F-8,10,251,Manager
61101-0000352-2,Junaid Siddiqui,22,G-9,12,252,Pharmacist
61101-0000353-3,Lubna Siddiqui,23,F-6,15,253,Student
61101-0000354-4,Asad Siddiqui,24,Blue Area,17,254,Marketing
61101-0000355-5,Neha Siddiqui,25,G-10,18,255,Director
61101-0000356-6,Omer Siddiqui,26,F-8,20,256,Architect
61101-0000357-7,Iram Siddiqui,27,G-9,22,257,Banker
61101-0000358-8,Talha Siddiqui,28,F-6,23,258,Consultant
61101-0000359-9,Uzma Siddiqui,29,Blue Area,25,259,Scientist
61101-0000360-0,Ahmed Hussain,30,G-10,1,260,CEO
61101-0000361-1,Fatima Hussain,31,F-8,2,261,Investor
61101-0000362-2,Ali Hussain,32,G-9,3,262,Pilot
61101-0000363-3,Sara Hussain,33,F-6,4,263,Journalist
61101-0000364-4,Hassan Hussain,34,Blue Area,5,264,Professor
61101-0000365-5,Ayesha Hussain,35,G-10,6,265,Dentist
61101-0000366-6,Usman Hussain,36,F-8,7,266,Contractor
61101-0000367-7,Zainab Hussain,37,G-9,8,267,Psychologist
61101-0000368-8,Bilal Hussain,38,F-6,9,268,Athlete
61101-0000369-9,Hira Hussain,39,Blue Area,10,269,Economist
61101-0000370-0,Faisal Farooq,40,G-10,12,270,Planner
61101-0000371-1,Maryam Farooq,41,F-8,15,271,Researcher
61101-0000372-2,Kamran Farooq,42,G-9,17,272,Entrepreneur
61101-0000373-3,Sana Farooq,43,F-6,18,273,Veterinarian
61101-0000374-4,Tariq Farooq,44,Blue Area,20,274,Chef
61101-0000375-5,Rabia Farooq,45,G-10,22,275,Analyst
61101-0000376-6,Imran Farooq,46,F-8,23,276,Broker
61101-0000377-7,Amna Farooq,47,G-9,25,277,Trader
61101-0000378-8,Waqas Farooq,48,F-6,1,278,Minister
61101-0000379-9,Noor Farooq,49,Blue Area,2,279,Administrator
61101-0000380-0,Adnan Tariq,50,G-10,3,280,Engineer
61101-0000381-1,Saira Tariq,51,F-8,4,281,Doctor
61101-0000382-2,Junaid Tariq,52,G-9,5,282,Teacher
61101-0000383-3,Lubna Tariq,53,F-6,6,283,Lawyer
61101-0000384-4,Asad Tariq,54,Blue Area,7,284,Nurse
61101-0000385-5,Neha Tariq,55,G-10,8,285,Accountant
61101-0000386-6,Omer Tariq,56,F-8,9,286,Designer
61101-0000387-7,Iram Tariq,57,G-9,10,287,Developer
61101-0000388-8,Talha Tariq,58,F-6,12,288,Artist
61101-0000389-9,Uzma Tariq,59,Blue Area,15,289,Manager
61101-0000390-0,Ahmed Sheikh,60,G-10,17,290,Pharmacist
61101-0000391-1,Fatima Sheikh,61,F-8,18,291,Student
61101-0000392-2,Ali Sheikh,62,G-9,20,292,Marketing
61101-0000393-3,Sara Sheikh,63,F-6,22,293,Director
61101-0000394-4,Hassan Sheikh,64,Blue Area,23,294,Architect
61101-0000395-5,Ayesha Sheikh,65,G-10,25,295,Banker
61101-0000396-6,Usman Sheikh,66,F-8,1,296,Consultant
61101-0000397-7,Zainab Sheikh,67,G-9,2,297,Scientist
61101-0000398-8,Bilal Sheikh,68,F-6,3,298,CEO
61101-0000399-9,Hira Sheikh,69,Blue Area,4,299,Investor
61101-0000400-0,Faisal Nawaz,20,G-10,5,100,Pilot
61101-0000401-1,Maryam Nawaz,21,F-8,6,101,Journalist
61101-0000402-2,Kamran Nawaz,22,G-9,7,102,Professor
61101-0000403-3,Sana Nawaz,23,F-6,8,103,Dentist
61101-0000404-4,Tariq Nawaz,24,Blue Area,9,104,Contractor
61101-0000405-5,Rabia Nawaz,25,G-10,10,105,Psychologist
61101-0000406-6,Imran Nawaz,26,F-8,12,106,Athlete
61101-0000407-7,Amna Nawaz,27,G-9,15,107,Economist
61101-0000408-8,Waqas Nawaz,28,F-6,17,108,Planner
61101-0000409-9,Noor Nawaz,29,Blue Area,18,109,Researcher
61101-0000410-0,Adnan Mahmood,30,G-10,20,110,Entrepreneur
61101-0000411-1,Saira Mahmood,31,F-8,22,111,Veterinarian
61101-0000412-2,Junaid Mahmood,32,G-9,23,112,Chef
61101-0000413-3,Lubna Mahmood,33,F-6,25,113,Analyst
61101-0000414-4,Asad Mahmood,34,Blue Area,1,114,Broker
61101-0000415-5,Neha Mahmood,35,G-10,2,115,Trader
61101-0000416-6,Omer Mahmood,36,F-8,3,116,Minister
61101-0000417-7,Iram Mahmood,37,G-9,4,117,Administrator
61101-0000418-8,Talha Mahmood,38,F-6,5,118,Engineer
61101-0000419-9,Uzma Mahmood,39,Blue Area,6,119,Doctor
61101-0000420-0,Ahmed Akram,40,G-10,7,120,Teacher
61101-0000421-1,Fatima Akram,41,F-8,8,121,Lawyer
61101-0000422-2,Ali Akram,42,G-9,9,122,Nurse
61101-0000423-3,Sara Akram,43,F-6,10,123,Accountant
61101-0000424-4,Hassan Akram,44,Blue Area,12,124,Designer
61101-0000425-5,Ayesha Akram,45,G-10,15,125,Developer
61101-0000426-6,Usman Akram,46,F-8,17,126,Artist
61101-0000427-7,Zainab Akram,47,G-9,18,127,Manager
61101-0000428-8,Bilal Akram,48,F-6,20,128,Pharmacist
61101-0000429-9,Hira Akram,49,Blue Area,22,129,Student
61101-0000430-0,Faisal Iqbal,50,G-10,23,130,Marketing
61101-0000431-1,Maryam Iqbal,51,F-8,25,131,Director
61101-0000432-2,Kamran Iqbal,52,G-9,1,132,Architect
61101-0000433-3,Sana Iqbal,53,F-6,2,133,Banker
61101-0000434-4,Tariq Iqbal,54,Blue Area,3,134,Consultant
61101-0000435-5,Rabia Iqbal,55,G-10,4,135,Scientist
61101-0000436-6,Imran Iqbal,56,F-8,5,136,CEO
61101-0000437-7,Amna Iqbal,57,G-9,6,137,Investor
61101-0000438-8,Waqas Iqbal,58,F-6,7,138,Pilot
61101-0000439-9,Noor Iqbal,59,Blue Area,8,139,Journalist
61101-0000440-0,Adnan Rauf,60,G-10,9,140,Professor
61101-0000441-1,Saira Rauf,61,F-8,10,141,Dentist
61101-0000442-2,Junaid Rauf,62,G-9,12,142,Contractor
61101-0000443-3,Lubna Rauf,63,F-6,15,143,Psychologist
61101-0000444-4,Asad Rauf,64,Blue Area,17,144,Athlete
61101-0000445-5,Neha Rauf,65,G-10,18,145,Economist
61101-0000446-6,Omer Rauf,66,F-8,20,146,Planner
61101-0000447-7,Iram Rauf,67,G-9,22,147,Researcher
61101-0000448-8,Talha Rauf,68,F-6,23,148,Entrepreneur
61101-0000449-9,Uzma Rauf,69,Blue Area,25,149,Veterinarian
61101-0000450-0,Ahmed Riaz,20,G-10,1,150,Chef
61101-0000451-1,Fatima Riaz,21,F-8,2,151,Analyst
61101-0000452-2,Ali Riaz,22,G-9,3,152,Broker
61101-0000453-3,Sara Riaz,23,F-6,4,153,Trader
61101-0000454-4,Hassan Riaz,24,Blue Area,5,154,Minister
61101-0000455-5,Ayesha Riaz,25,G-10,6,155,Administrator
61101-0000456-6,Usman Riaz,26,F-8,7,156,Engineer
61101-0000457-7,Zainab Riaz,27,G-9,8,157,Doctor
61101-0000458-8,Bilal Riaz,28,F-6,9,158,Teacher
61101-0000459-9,Hira Riaz,29,Blue Area,10,159,Lawyer
61101-0000460-0,Faisal Abbas,30,G-10,12,160,Nurse
61101-0000461-1,Maryam Abbas,31,F-8,15,161,Accountant
61101-0000462-2,Kamran Abbas,32,G-9,17,162,Designer
61101-0000463-3,Sana Abbas,33,F-6,18,163,Developer
61101-0000464-4,Tariq Abbas,34,Blue Area,20,164,Artist
61101-0000465-5,Rabia Abbas,35,G-10,22,165,Manager
61101-0000466-6,Imran Abbas,36,F-8,23,166,Pharmacist
61101-0000467-7,Amna Abbas,37,G-9,25,167,Student
61101-0000468-8,Waqas Abbas,38,F-6,1,168,Marketing
61101-0000469-9,Noor Abbas,39,Blue Area,2,169,Director
61101-0000470-0,Adnan Rashid,40,G-10,3,170,Architect
61101-0000471-1,Saira Rashid,41,F-8,4,171,Banker
61101-0000472-2,Junaid Rashid,42,G-9,5,172,Consultant
61101-0000473-3,Lubna Rashid,43,F-6,6,173,Scientist
61101-0000474-4,Asad Rashid,44,Blue Area,7,174,CEO
61101-0000475-5,Neha Rashid,45,G-10,8,175,Investor
61101-0000476-6,Omer Rashid,46,F-8,9,176,Pilot
61101-0000477-7,Iram Rashid,47,G-9,10,177,Journalist
61101-0000478-8,Talha Rashid,48,F-6,12,178,Professor
61101-0000479-9,Uzma Rashid,49,Blue Area,15,179,Dentist
61101-0000480-0,Ahmed Butt,50,G-10,17,180,Contractor
61101-0000481-1,Fatima Butt,51,F-8,18,181,Psychologist
61101-0000482-2,Ali Butt,52,G-9,20,182,Athlete
61101-0000483-3,Sara Butt,53,F-6,22,183,Economist
61101-0000484-4,Hassan Butt,54,Blue Area,23,184,Planner
61101-0000485-5,Ayesha Butt,55,G-10,25,185,Researcher
61101-0000486-6,Usman Butt,56,F-8,1,186,Entrepreneur
61101-0000487-7,Zainab Butt,57,G-9,2,187,Veterinarian
61101-0000488-8,Bilal Butt,58,F-6,3,188,Chef
61101-0000489-9,Hira Butt,59,Blue Area,4,189,Analyst
61101-0000490-0,Faisal Hameed,60,G-10,5,190,Broker
61101-0000491-1,Maryam Hameed,61,F-8,6,191,Trader
61101-0000492-2,Kamran Hameed,62,G-9,7,192,Minister
61101-0000493-3,Sana Hameed,63,F-6,8,193,Administrator
61101-0000494-4,Tariq Hameed,64,Blue Area,9,194,Engineer
61101-0000495-5,Rabia Hameed,65,G-10,10,195,Doctor
61101-0000496-6,Imran Hameed,66,F-8,12,196,Teacher
61101-0000497-7,Amna Hameed,67,G-9,15,197,Lawyer
61101-0000498-8,Waqas Hameed,68,F-6,17,198,Nurse
61101-0000499-9,Noor Hameed,69,Blue Area,18,199,Accountant
61101-0000500-0,Adnan Akhtar,20,G-10,20,200,Designer
61101-0000501-1,Saira Akhtar,21,F-8,22,201,Developer
61101-0000502-2,Junaid Akhtar,22,G-9,23,202,Artist
61101-0000503-3,Lubna Akhtar,23,F-6,25,203,Manager
61101-0000504-4,Asad Akhtar,24,Blue Area,1,204,Pharmacist
61101-0000505-5,Neha Akhtar,25,G-10,2,205,Student
61101-0000506-6,Omer Akhtar,26,F-8,3,206,Marketing
61101-0000507-7,Iram Akhtar,27,G-9,4,207,Director
61101-0000508-8,Talha Akhtar,28,F-6,5,208,Architect
61101-0000509-9,Uzma Akhtar,29,Blue Area,6,209,Banker
61101-0000510-0,Ahmed Karim,30,G-10,7,210,Consultant
61101-0000511-1,Fatima Karim,31,F-8,8,211,Scientist
61101-0000512-2,Ali Karim,32,G-9,9,212,CEO
61101-0000513-3,Sara Karim,33,F-6,10,213,Investor
61101-0000514-4,Hassan Karim,34,Blue Area,12,214,Pilot
61101-0000515-5,Ayesha Karim,35,G-10,15,215,Journalist
61101-0000516-6,Usman Karim,36,F-8,17,216,Professor
61101-0000517-7,Zainab Karim,37,G-9,18,217,Dentist
61101-0000518-8,Bilal Karim,38,F-6,20,218,Contractor
61101-0000519-9,Hira Karim,39,Blue Area,22,219,Psychologist
61101-0000520-0,Faisal Zaman,40,G-10,23,220,Athlete
61101-0000521-1,Maryam Zaman,41,F-8,25,221,Economist
61101-0000522-2,Kamran Zaman,42,G-9,1,222,Planner
61101-0000523-3,Sana Zaman,43,F-6,2,223,Researcher
61101-0000524-4,Tariq Zaman,44,Blue Area,3,224,Entrepreneur
61101-0000525-5,Rabia Zaman,45,G-10,4,225,Veterinarian
61101-0000526-6,Imran Zaman,46,F-8,5,226,Chef
61101-0000527-7,Amna Zaman,47,G-9,6,227,Analyst
61101-0000528-8,Waqas Zaman,48,F-6,7,228,Broker
61101-0000529-9,Noor Zaman,49,Blue Area,8,229,Trader
61101-0000530-0,Adnan Amin,50,G-10,9,230,Minister
61101-0000531-1,Saira Amin,51,F-8,10,231,Administrator
61101-0000532-2,Junaid Amin,52,G-9,12,232,Engineer
61101-0000533-3,Lubna Amin,53,F-6,15,233,Doctor
61101-0000534-4,Asad Amin,54,Blue Area,17,234,Teacher
61101-0000535-5,Neha Amin,55,G-10,18,235,Lawyer
61101-0000536-6,Omer Amin,56,F-8,20,236,Nurse
61101-0000537-7,Iram Amin,57,G-9,22,237,Accountant
61101-0000538-8,Talha Amin,58,F-6,23,238,Designer
61101-0000539-9,Uzma Amin,59,Blue Area,25,239,Developer
61101-0000540-0,Ahmed Qureshi,60,G-10,1,240,Artist
61101-0000541-1,Fatima Qureshi,61,F-8,2,241,Manager
61101-0000542-2,Ali Qureshi,62,G-9,3,242,Pharmacist
61101-0000543-3,Sara Qureshi,63,F-6,4,243,Student
61101-0000544-4,Hassan Qureshi,64,Blue Area,5,244,Marketing
61101-0000545-5,Ayesha Qureshi,65,G-10,6,245,Director
61101-0000546-6,Usman Qureshi,66,F-8,7,246,Architect
61101-0000547-7,Zainab Qureshi,67,G-9,8,247,Banker
61101-0000548-8,Bilal Qureshi,68,F-6,9,248,Consultant
61101-0000549-9,Hira Qureshi,69,Blue Area,10,249,Scientist
61101-0000550-0,Faisal Naqvi,20,G-10,12,250,CEO
61101-0000551-1,Maryam Naqvi,21,F-8,15,251,Investor
61101-0000552-2,Kamran Naqvi,22,G-9,17,252,Pilot
61101-0000553-3,Sana Naqvi,23,F-6,18,253,Journalist
61101-0000554-4,Tariq Naqvi,24,Blue Area,20,254,Professor
61101-0000555-5,Rabia Naqvi,25,G-10,22,255,Dentist
61101-0000556-6,Imran Naqvi,26,F-8,23,256,Contractor
61101-0000557-7,Amna Naqvi,27,G-9,25,257,Psychologist
61101-0000558-8,Waqas Naqvi,28,F-6,1,258,Athlete
61101-0000559-9,Noor Naqvi,29,Blue Area,2,259,Economist
61101-0000560-0,Adnan Khan,30,G-10,3,260,Planner
61101-0000561-1,Saira Khan,31,F-8,4,261,Researcher
61101-0000562-2,Junaid Khan,32,G-9,5,262,Entrepreneur
61101-0000563-3,Lubna Khan,33,F-6,6,263,Veterinarian
61101-0000564-4,Asad Khan,34,Blue Area,7,264,Chef
61101-0000565-5,Neha Khan,35,G-10,8,265,Analyst
61101-0000566-6,Omer Khan,36,F-8,9,266,Broker
61101-0000567-7,Iram Khan,37,G-9,10,267,Trader
61101-0000568-8,Talha Khan,38,F-6,12,268,Minister
61101-0000569-9,Uzma Khan,39,Blue Area,15,269,Administrator
61101-0000570-0,Ahmed Ali,40,G-10,17,270,Engineer
61101-0000571-1,Fatima Ali,41,F-8,18,271,Doctor
61101-0000572-2,Ali Ali,42,G-9,20,272,Teacher
61101-0000573-3,Sara Ali,43,F-6,22,273,Lawyer
61101-0000574-4,Hassan Ali,44,Blue Area,23,274,Nurse
61101-0000575-5,Ayesha Ali,45,G-10,25,275,Accountant
61101-0000576-6,Usman Ali,46,F-8,1,276,Designer
61101-0000577-7,Zainab Ali,47,G-9,2,277,Developer
61101-0000578-8,Bilal Ali,48,F-6,3,278,Artist
61101-0000579-9,Hira Ali,49,Blue Area,4,279,Manager
61101-0000580-0,Faisal Shah,50,G-10,5,280,Pharmacist
61101-0000581-1,Maryam Shah,51,F-8,6,281,Student
61101-0000582-2,Kamran Shah,52,G-9,7,282,Marketing
61101-0000583-3,Sana Shah,53,F-6,8,283,Director
61101-0000584-4,Tariq Shah,54,Blue Area,9,284,Architect
61101-0000585-5,Rabia Shah,55,G-10,10,285,Banker
61101-0000586-6,Imran Shah,56,F-8,12,286,Consultant
61101-0000587-7,Amna Shah,57,G-9,15,287,Scientist
61101-0000588-8,Waqas Shah,58,F-6,17,288,CEO
61101-0000589-9,Noor Shah,59,Blue Area,18,289,Investor
61101-0000590-0,Adnan Malik,60,G-10,20,290,Pilot
61101-0000591-1,Saira Malik,61,F-8,22,291,Journalist
61101-0000592-2,Junaid Malik,62,G-9,23,292,Professor
61101-0000593-3,Lubna Malik,63,F-6,25,293,Dentist
61101-0000594-4,Asad Malik,64,Blue Area,1,294,Contractor
61101-0000595-5,Neha Malik,65,G-10,2,295,Psychologist
61101-0000596-6,Omer Malik,66,F-8,3,296,Athlete
61101-0000597-7,Iram Malik,67,G-9,4,297,Economist
61101-0000598-8,Talha Malik,68,F-6,5,298,Planner
61101-0000599-9,Uzma Malik,69,Blue Area,6,299,Researcher
61101-0000600-0,Ahmed Ahmed,20,G-10,7,100,Entrepreneur
